<?xml version="1.0" encoding="UTF-8" ?>
<!DOCTYPE mapper
  PUBLIC "-//mybatis.org//DTD Mapper 3.0//EN"
  "http://mybatis.org/dtd/mybatis-3-mapper.dtd">

<mapper namespace="com.aloha.movie_project.mapper.AuthListMapper">

    <!-- 권한 생성 -->
    <insert id="insert">
        INSERT INTO `auth_list` (`type_name`,`description`)
        VALUES ( #{typeName}, #{description} )
    </insert>

    <!-- 목록 -->
    <select id="list" resultType="AuthList">
        SELECT *
        FROM `auth_list`
    </select>

    <!-- 검색 목록 -->
    <select id="search" parameterType="String" resultType="AuthList">
        SELECT *
        FROM `auth_list`
        WHERE `type_name` LIKE CONCAT('%', #{keyword}, '%') OR `description` LIKE CONCAT('%', #{keyword}, '%')
    </select>

    <!-- 권한 삭제 -->
    <delete id="delete">
        DELETE FROM `auth_list`
        WHERE no = #{no}
    </delete>
</mapper>