<?xml version="1.0" encoding="UTF-8"?>
<!DOCTYPE mapper
PUBLIC "-//mybatis.org//DTD Mapper 3.0//EN"
"http://mybatis.org/dtd/mybatis-3-mapper.dtd">

<!-- namespace="매퍼 인터페이스 경로" -->
<mapper namespace="com.aloha.movie_project.mapper.TheaterMapper">

    <resultMap id="TheaterMap" type="Theater">
        <id property="no" column="no" />
        <result property="id" column="id" />
        <result property="cinemaId" column="cinema_id" />
        <result property="map" column="map" />

        <association property="files" javaType="Files">
            <id property="no" column="file_no" />
            <result property="id" column="file_id" />
            <result property="fkId" column="fk_id"/>
            <result property="fkTable" column="fk_table"/>
            <result property="division" column="division"/>
            <result property="url" column="url"/>
        </association>
    </resultMap>



    <resultMap id="TheaterMap_select" type="Theater">
        <id property="no" column="no" />
        <result property="id" column="id" />
        <result property="cinemaId" column="cinema_id" />
        <result property="map" column="map" />

        <collection property="filesList" resultMap="files_select"></collection>
    </resultMap>

    
    <resultMap type="Files" id="files_select">
        <id property="no" column="file_no" />
        <result property="id" column="file_id" />
        <result property="fkId" column="fk_id"/>
        <result property="fkTable" column="fk_table"/>
        <result property="division" column="division"/>
        <result property="url" column="url"/>
    </resultMap>

    <!-- 전체 목록 -->
    <select id="list" resultMap="TheaterMap">
        SELECT m.*, f.no file_no, f.id file_id, f.fk_id, f.fk_table, f.division, f.url
        FROM theater m join files f on m.id = f.fk_id
        order by m.no DESC
    </select>

    <!-- 조회 -->
    <select id="select" resultMap="TheaterMap_select">
        SELECT m.*, f.no file_no, f.id file_id, f.fk_id, f.fk_table, f.division, f.url
        FROM theater m LEFT OUTER JOIN files f on m.id = f.fk_id
        where m.id = #{id}
    </select>

    <!-- 영화 생성 -->
    <insert id="insert">
        INSERT INTO `theater` (`id`,`cinema_id`,`map`)
        VALUES ( #{id}, #{cinemaId}, #{map})
    </insert>

    <!-- 영화 정보 수정 -->
    <update id="update">
        UPDATE `theater`
           SET id = #{id}
              ,cinema_id = #{cinemaId}
              ,area = #{area}
              ,map = #{map}
        WHERE id = #{id}
    </update>

    <!-- 검색 목록 -->
    <select id="search" parameterType="String" resultMap="TheaterMap">
        SELECT m.*, f.no file_no, f.id file_id, f.fk_id, f.fk_table, f.division, f.url
        FROM theater m join files f on m.id = f.fk_id
        WHERE m.cinema_id = #{keyword}
    </select>

</mapper>